{
  "users": {
    "923184070915@s.whatsapp.net": {
      "serialNumber": "0eae1af5145d445f4e7a69739aa2e971",
      "title": "Premium",
      "afkTime": -1,
      "badword": 0,
      "afkReason": "",
      "nick": "Oke",
      "premium": "true",
      "limit": 1000,
      "totalLimit": 0
    },
    "923184070915@s.whatsapp.net": {
      "serialNumber": "84a6d900b59ff9b86da982ae409f5973",
      "title": "Premium",
      "afkTime": -1,
      "badword": 0,
      "afkReason": "",
      "nick": "Oke",
      "premium": false,
      "limit": 1000,
      "totalLimit": 0
    }
  },
  "database": {},
  "chats": {
    "120363047626537933@g.us": {
      "badword": false,
      "antiforeignnum": false,
      "antibot": false,
      "antiviewonce": false,
      "antivirtex": false,
      "antimedia": false,
      "antiimage": false,
      "antivideo": false,
      "antiaudio": false,
      "antipoll": false,
      "antisticker": false,
      "antilocation": false,
      "antidocument": false,
      "anticontact": false,
      "antilink": false,
      "antilinkgc": false
    },
    "923184070915@s.whatsapp.net": {
      "badword": false,
      "antiforeignnum": false,
      "antibot": false,
      "antiviewonce": false,
      "antivirtex": false,
      "antimedia": false,
      "antiimage": false,
      "antivideo": false,
      "antiaudio": false,
      "antipoll": false,
      "antisticker": false,
      "antilocation": false,
      "antidocument": false,
      "anticontact": false,
      "antilink": false,
      "antilinkgc": false
    },
    "923184070915@s.whatsapp.net": {
      "badword": false,
      "antiforeignnum": false,
      "antibot": false,
      "antiviewonce": false,
      "antivirtex": false,
      "antimedia": false,
      "antiimage": false,
      "antivideo": false,
      "antiaudio": false,
      "antipoll": false,
      "antisticker": false,
      "antilocation": false,
      "antidocument": false,
      "anticontact": false,
      "antilink": false,
      "antilinkgc": false
    }
  },
  "game": {
    "math": []
  },
  "settings": {
    "923184070915@s.whatsapp.net": {
      "totalhit": 49,
      "totalError": 0,
      "online": false,
      "autosticker": false,
      "autobio": false,
      "autoread": false,
      "autoblocknum": false,
      "onlyindia": false,
      "onlyindo": false,
      "onlygrub": false,
      "onlypc": false,
      "autorecordtype": false,
      "autorecord": false,
      "autotype": false,
      "watermark": {
        "packname": "Sticker By",
        "author": "🦄드림 가이 Xeon\n\n+916909137213"
      },
      "about": {
        "bot": {
          "nick": "Oke",
          "alias": "XLICON-V3-MD"
        },
        "owner": {
          "nick": "+923184070915",
          "alias": "923184070915"
        }
      }
    }
  },
  "sticker": {},
  "others": {
    "vote": []
  }
}
