{"noiseKey":{"private":{"type":"Buffer","data":"OB+5svYiKyLYPknoN3yfQI5u30wDHQzxGNr/89f4nVU="},"public":{"type":"Buffer","data":"vgOVJHpZ0PabnXiXVHAkwgxt7UVRj1rcTVmIJVh+ajA="}},"pairingEphemeralKeyPair":{"private":{"type":"Buffer","data":"ABqGlwZ9SdBELsLKg01yOQ/4B3szhja1dH0U1WIEOns="},"public":{"type":"Buffer","data":"0mw5yGqblzF7UV3mRJ2boy/bg1d9PPx0+MnN56Wlp1M="}},"signedIdentityKey":{"private":{"type":"Buffer","data":"WGjF5+dtZpKV2M3aUpVPVSH5sIyPFnHyX9F6h5AxUWs="},"public":{"type":"Buffer","data":"QzgUOWyLfSiemIA4wj2B72ph+DIoQ8gEIsbkM6TFZwE="}},"signedPreKey":{"keyPair":{"private":{"type":"Buffer","data":"YNzcpEic/Voi0QifJ8u/x6/U7IYq0jYF47gGL4b+uFA="},"public":{"type":"Buffer","data":"GLDPK4yxFMKkRpVjFt/nnaqs6LtncAiNrQI9U77QoV0="}},"signature":{"type":"Buffer","data":"XiTB1NLBzx1UJBJ7NEz4hXrd2y1qsiBTMoEtT3XMrZq0oqbWB46szGMlARvoxt1MB7MLeiLRbPHskqLlyj12Ag=="},"keyId":1},"registrationId":224,"advSecretKey":"8Hc1fmkN9z8PuoPQTrA9PiC4aF7II9rlLziLw98BDnw=","processedHistoryMessages":[],"nextPreKeyId":31,"firstUnuploadedPreKeyId":31,"accountSyncCounter":0,"accountSettings":{"unarchiveChats":false},"deviceId":"HbjU1MJ4QoCH2RZsOGZwYA","phoneId":"c7b8fb6e-e879-411d-beaa-c7f0617267cf","identityId":{"type":"Buffer","data":"fs6IIWguQdwHg20gq3Wmg5tbtcU="},"registered":true,"backupToken":{"type":"Buffer","data":"7qkkZA49JSO0GUvxYO1in6K+/xo="},"registration":{},"pairingCode":"DVJQQXL1","me":{"id":"919495029709:84@s.whatsapp.net","lid":"73418187735232:84@lid"},"account":{"details":"CNTy1+YBEOP68rMGGBUgACgA","accountSignatureKey":"yKfMgVR5AiMJ6KKjPXXinyAamFKdNKkQVqdmbH0o9HE=","accountSignature":"Yim65Gnu0Eczw3N4U8QAmlX+wlptlT4/83CR05fR/4lQutmbWBuDDJik8cT7GN4UuI/mr3H3BH8UjLrNLPeMAA==","deviceSignature":"D+5u59uSCDzAkAUAKJ397VyDcFCtngyJgRHimA8REuUCKVs3guEIowtUPfC1VGLvE7ySbPGluyqpQClSASuJBA=="},"signalIdentities":[{"identifier":{"name":"919495029709:84@s.whatsapp.net","deviceId":0},"identifierKey":{"type":"Buffer","data":"BcinzIFUeQIjCeiioz114p8gGphSnTSpEFanZmx9KPRx"}}],"platform":"android","routingInfo":{"type":"Buffer","data":"CA0IDA=="},"lastAccountSyncTimestamp":1719450992,"lastPropHash":"1Uiu57","myAppStateKeyId":"AD0AAOLO"}
